{
  "scriptFile": "__init__.py",
  "bindings": [
    {
      "authLevel": "anonymous",
      "type": "httpTrigger",
      "direction": "in",
      "name": "req",
      "methods": [
        "get",
        "post",
        "delete",
        "put"
      ],
      "route": "subscriptions/{subscriptionId}/resourcegroups/{resourceGroupName}/providers/Microsoft.CustomProviders/resourceproviders/{minirpname}/{action}/{name}"
    },
    {
      "type": "http",
      "direction": "out",
      "name": "$return"
    }
  ]
}